LOCATION,INDICATOR,SUBJECT,MEASURE,FREQUENCY,TIME,Value,Flag Codes
MEX,LF,TOT,THND_PER,A,2005,43631.5,
MEX,LF,TOT,THND_PER,A,2006,44982.52,
MEX,LF,TOT,THND_PER,A,2007,45904.54,
MEX,LF,TOT,THND_PER,A,2008,46769.21,
MEX,LF,TOT,THND_PER,A,2009,48018.36,
MEX,LF,TOT,THND_PER,A,2010,48717.79,
MEX,LF,TOT,THND_PER,A,2011,49721.7,
MEX,LF,TOT,THND_PER,A,2012,51228.77,
MEX,LF,TOT,THND_PER,A,2013,51787.09,
MEX,LF,TOT,THND_PER,A,2014,51924.05,
MEX,LF,TOT,THND_PER,A,2015,52905.13,
MEX,LF,TOT,THND_PER,A,2016,53679.95,
MEX,LF,TOT,THND_PER,A,2017,54204.27,
MEX,LF,TOT,THND_PER,A,2018,55554.91,
FRA,LF,TOT,THND_PER,A,1980,22661,
FRA,LF,TOT,THND_PER,A,1981,22790,B
FRA,LF,TOT,THND_PER,A,1982,22973,
FRA,LF,TOT,THND_PER,A,1983,23037,
FRA,LF,TOT,THND_PER,A,1984,23147,
FRA,LF,TOT,THND_PER,A,1985,23206.09,
FRA,LF,TOT,THND_PER,A,1986,23353.58,
FRA,LF,TOT,THND_PER,A,1987,23467.53,
FRA,LF,TOT,THND_PER,A,1988,23594.38,
FRA,LF,TOT,THND_PER,A,1989,23786,
FRA,LF,TOT,THND_PER,A,1990,24953.46,
FRA,LF,TOT,THND_PER,A,1991,25020.35,
FRA,LF,TOT,THND_PER,A,1992,25143.29,
FRA,LF,TOT,THND_PER,A,1993,25105.2,
FRA,LF,TOT,THND_PER,A,1994,25293.89,
FRA,LF,TOT,THND_PER,A,1995,25356.76,
FRA,LF,TOT,THND_PER,A,1996,25568.49,
FRA,LF,TOT,THND_PER,A,1997,25731.05,
FRA,LF,TOT,THND_PER,A,1998,26053.51,
FRA,LF,TOT,THND_PER,A,1999,26480.29,
FRA,LF,TOT,THND_PER,A,2000,26762.81,
FRA,LF,TOT,THND_PER,A,2001,27049.8,
FRA,LF,TOT,THND_PER,A,2002,27300.03,
FRA,LF,TOT,THND_PER,A,2003,26882.13,
FRA,LF,TOT,THND_PER,A,2004,27103.13,B
FRA,LF,TOT,THND_PER,A,2005,27303.18,
FRA,LF,TOT,THND_PER,A,2006,27470.8,
FRA,LF,TOT,THND_PER,A,2007,27708.25,
FRA,LF,TOT,THND_PER,A,2008,27896.93,
FRA,LF,TOT,THND_PER,A,2009,28132.05,
FRA,LF,TOT,THND_PER,A,2010,28235.75,
FRA,LF,TOT,THND_PER,A,2011,28248.3,
FRA,LF,TOT,THND_PER,A,2012,28481.82,
FRA,LF,TOT,THND_PER,A,2013,28625.07,B
FRA,LF,TOT,THND_PER,A,2014,29402.65,
FRA,LF,TOT,THND_PER,A,2015,29477.43,
FRA,LF,TOT,THND_PER,A,2016,29556.25,
FRA,LF,TOT,THND_PER,A,2017,29667.55,
FRA,LF,TOT,THND_PER,A,2018,29823.88,
FIN,LF,TOT,THND_PER,A,1980,2432,
FIN,LF,TOT,THND_PER,A,1981,2464,
FIN,LF,TOT,THND_PER,A,1982,2502,
FIN,LF,TOT,THND_PER,A,1983,2518,
FIN,LF,TOT,THND_PER,A,1984,2536,
FIN,LF,TOT,THND_PER,A,1985,2556,
FIN,LF,TOT,THND_PER,A,1986,2559,
FIN,LF,TOT,THND_PER,A,1987,2544,
FIN,LF,TOT,THND_PER,A,1988,2536,B
FIN,LF,TOT,THND_PER,A,1989,2575,
FIN,LF,TOT,THND_PER,A,1990,2574,
FIN,LF,TOT,THND_PER,A,1991,2534,
FIN,LF,TOT,THND_PER,A,1992,2489,
FIN,LF,TOT,THND_PER,A,1993,2466,
FIN,LF,TOT,THND_PER,A,1994,2454,
FIN,LF,TOT,THND_PER,A,1995,2473,
FIN,LF,TOT,THND_PER,A,1996,2481,
FIN,LF,TOT,THND_PER,A,1997,2476,B
FIN,LF,TOT,THND_PER,A,1998,2487.375,B
FIN,LF,TOT,THND_PER,A,1999,2557.25,B
FIN,LF,TOT,THND_PER,A,2000,2589.25,B
FIN,LF,TOT,THND_PER,A,2001,2604.725,
FIN,LF,TOT,THND_PER,A,2002,2609.55,
FIN,LF,TOT,THND_PER,A,2003,2599.675,
FIN,LF,TOT,THND_PER,A,2004,2593.45,B
FIN,LF,TOT,THND_PER,A,2005,2620.5,
FIN,LF,TOT,THND_PER,A,2006,2647.85,
FIN,LF,TOT,THND_PER,A,2007,2674.975,B
FIN,LF,TOT,THND_PER,A,2008,2703.05,
FIN,LF,TOT,THND_PER,A,2009,2678.225,
FIN,LF,TOT,THND_PER,A,2010,2671.75,
FIN,LF,TOT,THND_PER,A,2011,2682.375,
FIN,LF,TOT,THND_PER,A,2012,2690.075,
FIN,LF,TOT,THND_PER,A,2013,2675.975,
FIN,LF,TOT,THND_PER,A,2014,2679.325,
FIN,LF,TOT,THND_PER,A,2015,2688.925,
FIN,LF,TOT,THND_PER,A,2016,2684.875,
FIN,LF,TOT,THND_PER,A,2017,2707.075,
FIN,LF,TOT,THND_PER,A,2018,2741.725,
OECD,LF,TOT,THND_PER,A,2005,568771.1,E
OECD,LF,TOT,THND_PER,A,2006,575603.4,B
OECD,LF,TOT,THND_PER,A,2007,581958.8,B
OECD,LF,TOT,THND_PER,A,2008,588181.8,B
OECD,LF,TOT,THND_PER,A,2009,591389.5,B
OECD,LF,TOT,THND_PER,A,2010,593236.8,B
OECD,LF,TOT,THND_PER,A,2011,596644.6,B
OECD,LF,TOT,THND_PER,A,2012,602852.8,
OECD,LF,TOT,THND_PER,A,2013,606750.9,B
OECD,LF,TOT,THND_PER,A,2014,611297.9,B
OECD,LF,TOT,THND_PER,A,2015,616320.5,B
OECD,LF,TOT,THND_PER,A,2016,623214.9,B
OECD,LF,TOT,THND_PER,A,2017,628578,B
OECD,LF,TOT,THND_PER,A,2018,635345.4,
LUX,LF,TOT,THND_PER,A,1998,175.4,
LUX,LF,TOT,THND_PER,A,1999,180.4,
LUX,LF,TOT,THND_PER,A,2000,185.2,
LUX,LF,TOT,THND_PER,A,2001,188.7,
LUX,LF,TOT,THND_PER,A,2002,193.3,B
LUX,LF,TOT,THND_PER,A,2003,194.2,
LUX,LF,TOT,THND_PER,A,2004,198.5,B
LUX,LF,TOT,THND_PER,A,2005,202.7,
LUX,LF,TOT,THND_PER,A,2006,205,B
LUX,LF,TOT,THND_PER,A,2007,211.475,
LUX,LF,TOT,THND_PER,A,2008,213.15,B
LUX,LF,TOT,THND_PER,A,2009,228.9,
LUX,LF,TOT,THND_PER,A,2010,230.9,
LUX,LF,TOT,THND_PER,A,2011,236.325,
LUX,LF,TOT,THND_PER,A,2012,248.875,
LUX,LF,TOT,THND_PER,A,2013,253.55,
LUX,LF,TOT,THND_PER,A,2014,260.9,B
LUX,LF,TOT,THND_PER,A,2015,275.875,
LUX,LF,TOT,THND_PER,A,2016,277.975,
LUX,LF,TOT,THND_PER,A,2017,287.75,
LUX,LF,TOT,THND_PER,A,2018,296.475,
CHE,LF,TOT,THND_PER,A,2005,4159,
CHE,LF,TOT,THND_PER,A,2006,4220.2,
CHE,LF,TOT,THND_PER,A,2007,4278.3,
CHE,LF,TOT,THND_PER,A,2008,4375.4,
CHE,LF,TOT,THND_PER,A,2009,4451.2,B
CHE,LF,TOT,THND_PER,A,2010,4420.05,
CHE,LF,TOT,THND_PER,A,2011,4496.25,
CHE,LF,TOT,THND_PER,A,2012,4555.675,
CHE,LF,TOT,THND_PER,A,2013,4611.875,
CHE,LF,TOT,THND_PER,A,2014,4695.625,
CHE,LF,TOT,THND_PER,A,2015,4767.275,
CHE,LF,TOT,THND_PER,A,2016,4842.55,
CHE,LF,TOT,THND_PER,A,2017,4870.35,
CHE,LF,TOT,THND_PER,A,2018,4906.575,
TUR,LF,TOT,THND_PER,A,2006,22384.75,
TUR,LF,TOT,THND_PER,A,2007,22769,
TUR,LF,TOT,THND_PER,A,2008,23472.13,
TUR,LF,TOT,THND_PER,A,2009,24323.9,
TUR,LF,TOT,THND_PER,A,2010,25288.35,
TUR,LF,TOT,THND_PER,A,2011,26423.57,
TUR,LF,TOT,THND_PER,A,2012,27021.45,
TUR,LF,TOT,THND_PER,A,2013,27961.32,B
TUR,LF,TOT,THND_PER,A,2014,28773.5,
TUR,LF,TOT,THND_PER,A,2015,29653.9,
TUR,LF,TOT,THND_PER,A,2016,30523.97,
TUR,LF,TOT,THND_PER,A,2017,31617.38,
TUR,LF,TOT,THND_PER,A,2018,32245.32,
POL,LF,TOT,THND_PER,A,1980,17334,
POL,LF,TOT,THND_PER,A,1981,17420,
POL,LF,TOT,THND_PER,A,1982,16996,
POL,LF,TOT,THND_PER,A,1983,16951,
POL,LF,TOT,THND_PER,A,1984,16998,
POL,LF,TOT,THND_PER,A,1985,17144,
POL,LF,TOT,THND_PER,A,1986,17193,
POL,LF,TOT,THND_PER,A,1987,17138,
POL,LF,TOT,THND_PER,A,1988,17023,
POL,LF,TOT,THND_PER,A,1989,17002,
POL,LF,TOT,THND_PER,A,1990,17406,
POL,LF,TOT,THND_PER,A,1991,17482,B
POL,LF,TOT,THND_PER,A,1992,17516,
POL,LF,TOT,THND_PER,A,1993,17321,
POL,LF,TOT,THND_PER,A,1994,17135,
POL,LF,TOT,THND_PER,A,1995,17068,
POL,LF,TOT,THND_PER,A,1996,17078,
POL,LF,TOT,THND_PER,A,1997,17102.8,
POL,LF,TOT,THND_PER,A,1998,17162,
POL,LF,TOT,THND_PER,A,1999,17148,B
POL,LF,TOT,THND_PER,A,2000,17313.93,B
POL,LF,TOT,THND_PER,A,2001,17375.88,
POL,LF,TOT,THND_PER,A,2002,17212.93,B
POL,LF,TOT,THND_PER,A,2003,16939.88,B
POL,LF,TOT,THND_PER,A,2004,17024.15,B
POL,LF,TOT,THND_PER,A,2005,17160.97,
POL,LF,TOT,THND_PER,A,2006,16937.93,
POL,LF,TOT,THND_PER,A,2007,16859.25,
POL,LF,TOT,THND_PER,A,2008,17010.55,
POL,LF,TOT,THND_PER,A,2009,17279.2,B
POL,LF,TOT,THND_PER,A,2010,17123.28,
POL,LF,TOT,THND_PER,A,2011,17220.78,
POL,LF,TOT,THND_PER,A,2012,17339.88,
POL,LF,TOT,THND_PER,A,2013,17360.7,
POL,LF,TOT,THND_PER,A,2014,17428.25,
POL,LF,TOT,THND_PER,A,2015,17388.13,
POL,LF,TOT,THND_PER,A,2016,17260.28,
POL,LF,TOT,THND_PER,A,2017,17266.57,
POL,LF,TOT,THND_PER,A,2018,17143.28,
ITA,LF,TOT,THND_PER,A,1980,21997,
ITA,LF,TOT,THND_PER,A,1981,22129,
ITA,LF,TOT,THND_PER,A,1982,22220,
ITA,LF,TOT,THND_PER,A,1983,22490,
ITA,LF,TOT,THND_PER,A,1984,22722,
ITA,LF,TOT,THND_PER,A,1985,22890,
ITA,LF,TOT,THND_PER,A,1986,23225,
ITA,LF,TOT,THND_PER,A,1987,23416,
ITA,LF,TOT,THND_PER,A,1988,23687,
ITA,LF,TOT,THND_PER,A,1989,23700,
ITA,LF,TOT,THND_PER,A,1990,23966,
ITA,LF,TOT,THND_PER,A,1991,24063,
ITA,LF,TOT,THND_PER,A,1992,23805,B
ITA,LF,TOT,THND_PER,A,1993,22604.07,
ITA,LF,TOT,THND_PER,A,1994,22479.85,
ITA,LF,TOT,THND_PER,A,1995,22489.05,
ITA,LF,TOT,THND_PER,A,1996,22604.04,
ITA,LF,TOT,THND_PER,A,1997,22715.47,B
ITA,LF,TOT,THND_PER,A,1998,23179.75,
ITA,LF,TOT,THND_PER,A,1999,23360.97,
ITA,LF,TOT,THND_PER,A,2000,23574.7,
ITA,LF,TOT,THND_PER,A,2001,23778.82,
ITA,LF,TOT,THND_PER,A,2002,23989.9,
ITA,LF,TOT,THND_PER,A,2003,24148.22,B
ITA,LF,TOT,THND_PER,A,2004,24306.8,B
ITA,LF,TOT,THND_PER,A,2005,24284.3,
ITA,LF,TOT,THND_PER,A,2006,24411.88,
ITA,LF,TOT,THND_PER,A,2007,24375.32,
ITA,LF,TOT,THND_PER,A,2008,24754.65,
ITA,LF,TOT,THND_PER,A,2009,24605.28,
ITA,LF,TOT,THND_PER,A,2010,24582.57,
ITA,LF,TOT,THND_PER,A,2011,24659.53,
ITA,LF,TOT,THND_PER,A,2012,25256.97,
ITA,LF,TOT,THND_PER,A,2013,25259.2,
ITA,LF,TOT,THND_PER,A,2014,25514.9,
ITA,LF,TOT,THND_PER,A,2015,25498.03,
ITA,LF,TOT,THND_PER,A,2016,25769.88,
ITA,LF,TOT,THND_PER,A,2017,25929.85,
ITA,LF,TOT,THND_PER,A,2018,25970.43,
G-7,LF,TOT,THND_PER,A,1980,274441.3,B
G-7,LF,TOT,THND_PER,A,1981,277609.1,B
G-7,LF,TOT,THND_PER,A,1982,280353,
G-7,LF,TOT,THND_PER,A,1983,283383.8,
G-7,LF,TOT,THND_PER,A,1984,286800.6,
G-7,LF,TOT,THND_PER,A,1985,289984,
G-7,LF,TOT,THND_PER,A,1986,293980.8,
G-7,LF,TOT,THND_PER,A,1987,297912.5,
G-7,LF,TOT,THND_PER,A,1988,301802.3,
G-7,LF,TOT,THND_PER,A,1989,306334.6,
G-7,LF,TOT,THND_PER,A,1990,312402.8,B
G-7,LF,TOT,THND_PER,A,1991,322845.3,B
G-7,LF,TOT,THND_PER,A,1992,324830.7,B
G-7,LF,TOT,THND_PER,A,1993,325031.3,
G-7,LF,TOT,THND_PER,A,1994,327288.2,
G-7,LF,TOT,THND_PER,A,1995,328774.3,
G-7,LF,TOT,THND_PER,A,1996,331630,
G-7,LF,TOT,THND_PER,A,1997,335636.1,B
G-7,LF,TOT,THND_PER,A,1998,338402.5,B
G-7,LF,TOT,THND_PER,A,1999,340589.1,B
G-7,LF,TOT,THND_PER,A,2000,344937.5,
G-7,LF,TOT,THND_PER,A,2001,346941.5,
G-7,LF,TOT,THND_PER,A,2002,348664.3,
G-7,LF,TOT,THND_PER,A,2003,350551.3,B
G-7,LF,TOT,THND_PER,A,2004,352223.8,B
G-7,LF,TOT,THND_PER,A,2005,355810.2,
G-7,LF,TOT,THND_PER,A,2006,359550.6,B
G-7,LF,TOT,THND_PER,A,2007,362373.1,B
G-7,LF,TOT,THND_PER,A,2008,364754.4,
G-7,LF,TOT,THND_PER,A,2009,364756.5,B
G-7,LF,TOT,THND_PER,A,2010,363897.6,B
G-7,LF,TOT,THND_PER,A,2011,364126.3,B
G-7,LF,TOT,THND_PER,A,2012,366654.9,
G-7,LF,TOT,THND_PER,A,2013,368343.6,B
G-7,LF,TOT,THND_PER,A,2014,370680,
G-7,LF,TOT,THND_PER,A,2015,372730.7,
G-7,LF,TOT,THND_PER,A,2016,376953,
G-7,LF,TOT,THND_PER,A,2017,379478.4,
G-7,LF,TOT,THND_PER,A,2018,383065.7,
BRA,LF,TOT,THND_PER,A,2003,21001.76,
BRA,LF,TOT,THND_PER,A,2004,21418.24,
BRA,LF,TOT,THND_PER,A,2005,21628.86,
BRA,LF,TOT,THND_PER,A,2006,22066.39,
BRA,LF,TOT,THND_PER,A,2007,22470.81,
BRA,LF,TOT,THND_PER,A,2008,22871.98,
BRA,LF,TOT,THND_PER,A,2009,23096.03,
BRA,LF,TOT,THND_PER,A,2010,23562.62,
BRA,LF,TOT,THND_PER,A,2011,23851.21,
BRA,LF,TOT,THND_PER,A,2012,24253.33,
BRA,LF,TOT,THND_PER,A,2013,24398.55,
BRA,LF,TOT,THND_PER,A,2014,24232.76,
DNK,LF,TOT,THND_PER,A,1980,2654,
DNK,LF,TOT,THND_PER,A,1981,2645,
DNK,LF,TOT,THND_PER,A,1982,2670,
DNK,LF,TOT,THND_PER,A,1983,2664.3,
DNK,LF,TOT,THND_PER,A,1984,2716.8,
DNK,LF,TOT,THND_PER,A,1985,2754.1,
DNK,LF,TOT,THND_PER,A,1986,2814.7,
DNK,LF,TOT,THND_PER,A,1987,2801.2,
DNK,LF,TOT,THND_PER,A,1988,2868.9,
DNK,LF,TOT,THND_PER,A,1989,2863.7,
DNK,LF,TOT,THND_PER,A,1990,2897.5,
DNK,LF,TOT,THND_PER,A,1991,2898.9,
DNK,LF,TOT,THND_PER,A,1992,2898.2,
DNK,LF,TOT,THND_PER,A,1993,2875.1,B
DNK,LF,TOT,THND_PER,A,1994,2758.7,
DNK,LF,TOT,THND_PER,A,1995,2799,
DNK,LF,TOT,THND_PER,A,1996,2822,
DNK,LF,TOT,THND_PER,A,1997,2855,
DNK,LF,TOT,THND_PER,A,1998,2848,B
DNK,LF,TOT,THND_PER,A,1999,2859.475,
DNK,LF,TOT,THND_PER,A,2000,2844.85,
DNK,LF,TOT,THND_PER,A,2001,2869.5,
DNK,LF,TOT,THND_PER,A,2002,2854.425,
DNK,LF,TOT,THND_PER,A,2003,2862.175,
DNK,LF,TOT,THND_PER,A,2004,2897.825,B
DNK,LF,TOT,THND_PER,A,2005,2892.075,
DNK,LF,TOT,THND_PER,A,2006,2919.125,
DNK,LF,TOT,THND_PER,A,2007,2914.45,
DNK,LF,TOT,THND_PER,A,2008,2954.2,
DNK,LF,TOT,THND_PER,A,2009,2947.5,
DNK,LF,TOT,THND_PER,A,2010,2924.4,
DNK,LF,TOT,THND_PER,A,2011,2924.125,
DNK,LF,TOT,THND_PER,A,2012,2907.45,
DNK,LF,TOT,THND_PER,A,2013,2889.825,
DNK,LF,TOT,THND_PER,A,2014,2905.55,
DNK,LF,TOT,THND_PER,A,2015,2932.925,B
DNK,LF,TOT,THND_PER,A,2016,3026.775,B
DNK,LF,TOT,THND_PER,A,2017,2987.725,
DNK,LF,TOT,THND_PER,A,2018,3018.1,
SWE,LF,TOT,THND_PER,A,1980,4328.2,
SWE,LF,TOT,THND_PER,A,1981,4344.2,
SWE,LF,TOT,THND_PER,A,1982,4374.4,
SWE,LF,TOT,THND_PER,A,1983,4395.1,
SWE,LF,TOT,THND_PER,A,1984,4408.9,
SWE,LF,TOT,THND_PER,A,1985,4436.2,B
SWE,LF,TOT,THND_PER,A,1986,4396.2,B
SWE,LF,TOT,THND_PER,A,1987,4418,
SWE,LF,TOT,THND_PER,A,1988,4459,
SWE,LF,TOT,THND_PER,A,1989,4515,
SWE,LF,TOT,THND_PER,A,1990,4568,
SWE,LF,TOT,THND_PER,A,1991,4545,
SWE,LF,TOT,THND_PER,A,1992,4470,B
SWE,LF,TOT,THND_PER,A,1993,4380,
SWE,LF,TOT,THND_PER,A,1994,4354,
SWE,LF,TOT,THND_PER,A,1995,4391,
SWE,LF,TOT,THND_PER,A,1996,4402.5,
SWE,LF,TOT,THND_PER,A,1997,4367.2,
SWE,LF,TOT,THND_PER,A,1998,4347,
SWE,LF,TOT,THND_PER,A,1999,4382,
SWE,LF,TOT,THND_PER,A,2000,4418,B
SWE,LF,TOT,THND_PER,A,2001,4538.125,
SWE,LF,TOT,THND_PER,A,2002,4554.875,
SWE,LF,TOT,THND_PER,A,2003,4574.05,
SWE,LF,TOT,THND_PER,A,2004,4589.525,B
SWE,LF,TOT,THND_PER,A,2005,4687.325,B
SWE,LF,TOT,THND_PER,A,2006,4766.25,
SWE,LF,TOT,THND_PER,A,2007,4838.8,
SWE,LF,TOT,THND_PER,A,2008,4898.35,
SWE,LF,TOT,THND_PER,A,2009,4909.325,
SWE,LF,TOT,THND_PER,A,2010,4949.85,
SWE,LF,TOT,THND_PER,A,2011,5017.475,
SWE,LF,TOT,THND_PER,A,2012,5060.75,
SWE,LF,TOT,THND_PER,A,2013,5116.475,
SWE,LF,TOT,THND_PER,A,2014,5184.475,
SWE,LF,TOT,THND_PER,A,2015,5225.125,
SWE,LF,TOT,THND_PER,A,2016,5278.925,
SWE,LF,TOT,THND_PER,A,2017,5383.3,
SWE,LF,TOT,THND_PER,A,2018,5459.1,
BEL,LF,TOT,THND_PER,A,1980,3979,
BEL,LF,TOT,THND_PER,A,1981,4000,
BEL,LF,TOT,THND_PER,A,1982,4027,
BEL,LF,TOT,THND_PER,A,1983,4047,
BEL,LF,TOT,THND_PER,A,1984,4042,
BEL,LF,TOT,THND_PER,A,1985,4023,
BEL,LF,TOT,THND_PER,A,1986,4019,
BEL,LF,TOT,THND_PER,A,1987,4024,
BEL,LF,TOT,THND_PER,A,1988,4034,
BEL,LF,TOT,THND_PER,A,1989,4054,
BEL,LF,TOT,THND_PER,A,1990,4091,
BEL,LF,TOT,THND_PER,A,1991,4127,
BEL,LF,TOT,THND_PER,A,1992,4159.5,
BEL,LF,TOT,THND_PER,A,1993,4209.4,
BEL,LF,TOT,THND_PER,A,1994,4241.1,
BEL,LF,TOT,THND_PER,A,1995,4271,
BEL,LF,TOT,THND_PER,A,1996,4283,
BEL,LF,TOT,THND_PER,A,1997,4302.8,
BEL,LF,TOT,THND_PER,A,1998,4315.7,B
BEL,LF,TOT,THND_PER,A,1999,4382.225,
BEL,LF,TOT,THND_PER,A,2000,4401.15,B
BEL,LF,TOT,THND_PER,A,2001,4342.65,
BEL,LF,TOT,THND_PER,A,2002,4400.5,
BEL,LF,TOT,THND_PER,A,2003,4432.65,
BEL,LF,TOT,THND_PER,A,2004,4518.1,B
BEL,LF,TOT,THND_PER,A,2005,4625.85,
BEL,LF,TOT,THND_PER,A,2006,4647.15,
BEL,LF,TOT,THND_PER,A,2007,4733.3,
BEL,LF,TOT,THND_PER,A,2008,4779.3,
BEL,LF,TOT,THND_PER,A,2009,4800.275,
BEL,LF,TOT,THND_PER,A,2010,4894.6,B
BEL,LF,TOT,THND_PER,A,2011,4855.95,
BEL,LF,TOT,THND_PER,A,2012,4892.925,
BEL,LF,TOT,THND_PER,A,2013,4947.125,
BEL,LF,TOT,THND_PER,A,2014,4966.85,
BEL,LF,TOT,THND_PER,A,2015,4973.475,
BEL,LF,TOT,THND_PER,A,2016,4976.3,B
BEL,LF,TOT,THND_PER,A,2017,4991.5,
BEL,LF,TOT,THND_PER,A,2018,5055.9,
DEU,LF,TOT,THND_PER,A,1980,27948,B
DEU,LF,TOT,THND_PER,A,1981,28304,
DEU,LF,TOT,THND_PER,A,1982,28558,
DEU,LF,TOT,THND_PER,A,1983,28605,
DEU,LF,TOT,THND_PER,A,1984,28298,
DEU,LF,TOT,THND_PER,A,1985,28434,
DEU,LF,TOT,THND_PER,A,1986,28768,
DEU,LF,TOT,THND_PER,A,1987,29036,
DEU,LF,TOT,THND_PER,A,1988,29220,
DEU,LF,TOT,THND_PER,A,1989,29624,
DEU,LF,TOT,THND_PER,A,1990,30771,B
DEU,LF,TOT,THND_PER,A,1991,39577,
DEU,LF,TOT,THND_PER,A,1992,39490,
DEU,LF,TOT,THND_PER,A,1993,39557,
DEU,LF,TOT,THND_PER,A,1994,39492,
DEU,LF,TOT,THND_PER,A,1995,39376,
DEU,LF,TOT,THND_PER,A,1996,39550,
DEU,LF,TOT,THND_PER,A,1997,39804,
DEU,LF,TOT,THND_PER,A,1998,40133,B
DEU,LF,TOT,THND_PER,A,1999,39614.35,
DEU,LF,TOT,THND_PER,A,2000,39531.61,
DEU,LF,TOT,THND_PER,A,2001,39682.3,
DEU,LF,TOT,THND_PER,A,2002,39727.25,
DEU,LF,TOT,THND_PER,A,2003,39827.39,
DEU,LF,TOT,THND_PER,A,2004,40032.62,
DEU,LF,TOT,THND_PER,A,2005,40932.45,
DEU,LF,TOT,THND_PER,A,2006,41417.7,
DEU,LF,TOT,THND_PER,A,2007,41589.63,
DEU,LF,TOT,THND_PER,A,2008,41677.48,
DEU,LF,TOT,THND_PER,A,2009,41699.27,B
DEU,LF,TOT,THND_PER,A,2010,40838.35,B
DEU,LF,TOT,THND_PER,A,2011,41185.98,
DEU,LF,TOT,THND_PER,A,2012,41350.93,
DEU,LF,TOT,THND_PER,A,2013,41713.2,
DEU,LF,TOT,THND_PER,A,2014,41961.25,
DEU,LF,TOT,THND_PER,A,2015,42160.43,
DEU,LF,TOT,THND_PER,A,2016,43041.38,
DEU,LF,TOT,THND_PER,A,2017,43284.82,
DEU,LF,TOT,THND_PER,A,2018,43382.32,
IRL,LF,TOT,THND_PER,A,1980,1232,
IRL,LF,TOT,THND_PER,A,1981,1271,
IRL,LF,TOT,THND_PER,A,1982,1281,
IRL,LF,TOT,THND_PER,A,1983,1307.4,
IRL,LF,TOT,THND_PER,A,1984,1306.8,
IRL,LF,TOT,THND_PER,A,1985,1314,
IRL,LF,TOT,THND_PER,A,1986,1318,
IRL,LF,TOT,THND_PER,A,1987,1323.9,
IRL,LF,TOT,THND_PER,A,1988,1314.7,
IRL,LF,TOT,THND_PER,A,1989,1295.3,
IRL,LF,TOT,THND_PER,A,1990,1322.9,
IRL,LF,TOT,THND_PER,A,1991,1345.3,
IRL,LF,TOT,THND_PER,A,1992,1361.6,
IRL,LF,TOT,THND_PER,A,1993,1393.8,
IRL,LF,TOT,THND_PER,A,1994,1424,
IRL,LF,TOT,THND_PER,A,1995,1449.6,
IRL,LF,TOT,THND_PER,A,1996,1498.1,
IRL,LF,TOT,THND_PER,A,1997,1530.7,B
IRL,LF,TOT,THND_PER,A,1998,1645.3,
IRL,LF,TOT,THND_PER,A,1999,1710.475,
IRL,LF,TOT,THND_PER,A,2000,1768.775,
IRL,LF,TOT,THND_PER,A,2001,1816.6,
IRL,LF,TOT,THND_PER,A,2002,1859.7,
IRL,LF,TOT,THND_PER,A,2003,1900.625,
IRL,LF,TOT,THND_PER,A,2004,1953.65,B
IRL,LF,TOT,THND_PER,A,2005,2040.6,
IRL,LF,TOT,THND_PER,A,2006,2138.125,B
IRL,LF,TOT,THND_PER,A,2007,2337.8,
IRL,LF,TOT,THND_PER,A,2008,2358.8,
IRL,LF,TOT,THND_PER,A,2009,2305.925,
IRL,LF,TOT,THND_PER,A,2010,2253,
IRL,LF,TOT,THND_PER,A,2011,2230.975,
IRL,LF,TOT,THND_PER,A,2012,2224.1,
IRL,LF,TOT,THND_PER,A,2013,2246.325,
IRL,LF,TOT,THND_PER,A,2014,2256.325,
IRL,LF,TOT,THND_PER,A,2015,2283.575,
IRL,LF,TOT,THND_PER,A,2016,2327.125,
IRL,LF,TOT,THND_PER,A,2017,2352,B
IRL,LF,TOT,THND_PER,A,2018,2395.025,
ISR,LF,TOT,THND_PER,A,1995,2109.95,
ISR,LF,TOT,THND_PER,A,1996,2156.9,
ISR,LF,TOT,THND_PER,A,1997,2209.9,
ISR,LF,TOT,THND_PER,A,1998,2265.85,
ISR,LF,TOT,THND_PER,A,1999,2345.075,
ISR,LF,TOT,THND_PER,A,2000,2435,
ISR,LF,TOT,THND_PER,A,2001,2498.925,
ISR,LF,TOT,THND_PER,A,2002,2546.7,
ISR,LF,TOT,THND_PER,A,2003,2609.975,
ISR,LF,TOT,THND_PER,A,2004,2678.55,
ISR,LF,TOT,THND_PER,A,2005,2740.075,
ISR,LF,TOT,THND_PER,A,2006,2809.725,
ISR,LF,TOT,THND_PER,A,2007,2893.8,
ISR,LF,TOT,THND_PER,A,2008,2957.025,
ISR,LF,TOT,THND_PER,A,2009,3072.85,
ISR,LF,TOT,THND_PER,A,2010,3147.125,
ISR,LF,TOT,THND_PER,A,2011,3204.2,B
ISR,LF,TOT,THND_PER,A,2012,3606.025,
ISR,LF,TOT,THND_PER,A,2013,3677.85,
ISR,LF,TOT,THND_PER,A,2014,3778.333,
ISR,LF,TOT,THND_PER,A,2015,3845.717,
ISR,LF,TOT,THND_PER,A,2016,3925.175,
ISR,LF,TOT,THND_PER,A,2017,3993.1,
ISR,LF,TOT,THND_PER,A,2018,4067.717,
NOR,LF,TOT,THND_PER,A,1980,1907,
NOR,LF,TOT,THND_PER,A,1981,1944,
NOR,LF,TOT,THND_PER,A,1982,1962,
NOR,LF,TOT,THND_PER,A,1983,1979,
NOR,LF,TOT,THND_PER,A,1984,2003,
NOR,LF,TOT,THND_PER,A,1985,2037,
NOR,LF,TOT,THND_PER,A,1986,2095,
NOR,LF,TOT,THND_PER,A,1987,2135,
NOR,LF,TOT,THND_PER,A,1988,2148,
NOR,LF,TOT,THND_PER,A,1989,2120,
NOR,LF,TOT,THND_PER,A,1990,2104,
NOR,LF,TOT,THND_PER,A,1991,2089,
NOR,LF,TOT,THND_PER,A,1992,2096,
NOR,LF,TOT,THND_PER,A,1993,2097,
NOR,LF,TOT,THND_PER,A,1994,2119,
NOR,LF,TOT,THND_PER,A,1995,2154,
NOR,LF,TOT,THND_PER,A,1996,2212,
NOR,LF,TOT,THND_PER,A,1997,2259,
NOR,LF,TOT,THND_PER,A,1998,2294,
NOR,LF,TOT,THND_PER,A,1999,2308,B
NOR,LF,TOT,THND_PER,A,2000,2332.75,
NOR,LF,TOT,THND_PER,A,2001,2347.7,
NOR,LF,TOT,THND_PER,A,2002,2364.475,
NOR,LF,TOT,THND_PER,A,2003,2352.8,
NOR,LF,TOT,THND_PER,A,2004,2365.475,B
NOR,LF,TOT,THND_PER,A,2005,2387.2,B
NOR,LF,TOT,THND_PER,A,2006,2435.75,
NOR,LF,TOT,THND_PER,A,2007,2496.425,
NOR,LF,TOT,THND_PER,A,2008,2579.475,
NOR,LF,TOT,THND_PER,A,2009,2579.5,
NOR,LF,TOT,THND_PER,A,2010,2592.05,
NOR,LF,TOT,THND_PER,A,2011,2619.75,
NOR,LF,TOT,THND_PER,A,2012,2668.775,
NOR,LF,TOT,THND_PER,A,2013,2693.8,
NOR,LF,TOT,THND_PER,A,2014,2721.4,
NOR,LF,TOT,THND_PER,A,2015,2759.575,
NOR,LF,TOT,THND_PER,A,2016,2767.65,
NOR,LF,TOT,THND_PER,A,2017,2758.7,
NOR,LF,TOT,THND_PER,A,2018,2791.95,
CHL,LF,TOT,THND_PER,A,1986,4269.632,
CHL,LF,TOT,THND_PER,A,1987,4373.578,
CHL,LF,TOT,THND_PER,A,1988,4568.768,
CHL,LF,TOT,THND_PER,A,1989,4725.732,
CHL,LF,TOT,THND_PER,A,1990,4824.348,
CHL,LF,TOT,THND_PER,A,1991,4919.197,
CHL,LF,TOT,THND_PER,A,1992,5061.2,
CHL,LF,TOT,THND_PER,A,1993,5342.248,
CHL,LF,TOT,THND_PER,A,1994,5463.22,
CHL,LF,TOT,THND_PER,A,1995,5497.095,
CHL,LF,TOT,THND_PER,A,1996,5532.02,
CHL,LF,TOT,THND_PER,A,1997,5625.4,
CHL,LF,TOT,THND_PER,A,1998,5763.465,
CHL,LF,TOT,THND_PER,A,1999,5915.317,
CHL,LF,TOT,THND_PER,A,2000,5993.55,
CHL,LF,TOT,THND_PER,A,2001,6065.835,
CHL,LF,TOT,THND_PER,A,2002,6175.813,
CHL,LF,TOT,THND_PER,A,2003,6398.813,
CHL,LF,TOT,THND_PER,A,2004,6607.652,
CHL,LF,TOT,THND_PER,A,2005,6798.408,
CHL,LF,TOT,THND_PER,A,2006,6802.753,
CHL,LF,TOT,THND_PER,A,2007,6944.387,
CHL,LF,TOT,THND_PER,A,2008,7203,
CHL,LF,TOT,THND_PER,A,2009,7299.833,
CHL,LF,TOT,THND_PER,A,2010,7762.63,
CHL,LF,TOT,THND_PER,A,2011,8060.947,
CHL,LF,TOT,THND_PER,A,2012,8149.957,
CHL,LF,TOT,THND_PER,A,2013,8277.291,
CHL,LF,TOT,THND_PER,A,2014,8442.724,
CHL,LF,TOT,THND_PER,A,2015,8559.572,
CHL,LF,TOT,THND_PER,A,2016,8678.005,
CHL,LF,TOT,THND_PER,A,2017,8867.641,
CHL,LF,TOT,THND_PER,A,2018,9018.089,
USA,LF,TOT,THND_PER,A,1980,106939.8,
USA,LF,TOT,THND_PER,A,1981,108670.1,
USA,LF,TOT,THND_PER,A,1982,110204.5,
USA,LF,TOT,THND_PER,A,1983,111550.3,
USA,LF,TOT,THND_PER,A,1984,113543.9,
USA,LF,TOT,THND_PER,A,1985,115461.3,
USA,LF,TOT,THND_PER,A,1986,117834.5,
USA,LF,TOT,THND_PER,A,1987,119865.2,
USA,LF,TOT,THND_PER,A,1988,121668.8,
USA,LF,TOT,THND_PER,A,1989,123846.1,
USA,LF,TOT,THND_PER,A,1990,125839.8,
USA,LF,TOT,THND_PER,A,1991,126346.3,
USA,LF,TOT,THND_PER,A,1992,128105.1,
USA,LF,TOT,THND_PER,A,1993,129199.8,
USA,LF,TOT,THND_PER,A,1994,131061.6,
USA,LF,TOT,THND_PER,A,1995,132304.1,
USA,LF,TOT,THND_PER,A,1996,133943.4,
USA,LF,TOT,THND_PER,A,1997,136296.8,
USA,LF,TOT,THND_PER,A,1998,137673.3,
USA,LF,TOT,THND_PER,A,1999,139367.6,
USA,LF,TOT,THND_PER,A,2000,142582.6,
USA,LF,TOT,THND_PER,A,2001,143733.9,
USA,LF,TOT,THND_PER,A,2002,144862.9,
USA,LF,TOT,THND_PER,A,2003,146509.7,
USA,LF,TOT,THND_PER,A,2004,147401.2,
USA,LF,TOT,THND_PER,A,2005,149320.3,
USA,LF,TOT,THND_PER,A,2006,151427.6,
USA,LF,TOT,THND_PER,A,2007,153124.2,
USA,LF,TOT,THND_PER,A,2008,154286.7,
USA,LF,TOT,THND_PER,A,2009,154142,
USA,LF,TOT,THND_PER,A,2010,153888.6,
USA,LF,TOT,THND_PER,A,2011,153616.7,
USA,LF,TOT,THND_PER,A,2012,154974.6,
USA,LF,TOT,THND_PER,A,2013,155389.2,
USA,LF,TOT,THND_PER,A,2014,155921.8,
USA,LF,TOT,THND_PER,A,2015,157129.9,
USA,LF,TOT,THND_PER,A,2016,159187.2,
USA,LF,TOT,THND_PER,A,2017,160319.8,
USA,LF,TOT,THND_PER,A,2018,162075,
SVN,LF,TOT,THND_PER,A,1996,935.6,
SVN,LF,TOT,THND_PER,A,1997,956.8,
SVN,LF,TOT,THND_PER,A,1998,976.8,B
SVN,LF,TOT,THND_PER,A,1999,953.55,
SVN,LF,TOT,THND_PER,A,2000,965.625,
SVN,LF,TOT,THND_PER,A,2001,976.575,
SVN,LF,TOT,THND_PER,A,2002,970.85,
SVN,LF,TOT,THND_PER,A,2003,961.425,
SVN,LF,TOT,THND_PER,A,2004,1006.775,B
SVN,LF,TOT,THND_PER,A,2005,1015.275,
SVN,LF,TOT,THND_PER,A,2006,1022.025,
SVN,LF,TOT,THND_PER,A,2007,1035.05,
SVN,LF,TOT,THND_PER,A,2008,1041.65,
SVN,LF,TOT,THND_PER,A,2009,1041.675,
SVN,LF,TOT,THND_PER,A,2010,1041.4,
SVN,LF,TOT,THND_PER,A,2011,1019.35,
SVN,LF,TOT,THND_PER,A,2012,1013.35,
SVN,LF,TOT,THND_PER,A,2013,1007.7,
SVN,LF,TOT,THND_PER,A,2014,1014.825,
SVN,LF,TOT,THND_PER,A,2015,1007.775,
SVN,LF,TOT,THND_PER,A,2016,994.575,
SVN,LF,TOT,THND_PER,A,2017,1026.475,
SVN,LF,TOT,THND_PER,A,2018,1033.45,
SVK,LF,TOT,THND_PER,A,1994,2443.975,
SVK,LF,TOT,THND_PER,A,1995,2470.775,
SVK,LF,TOT,THND_PER,A,1996,2509.125,
SVK,LF,TOT,THND_PER,A,1997,2503.125,
SVK,LF,TOT,THND_PER,A,1998,2515.575,B
SVK,LF,TOT,THND_PER,A,1999,2548.8,
SVK,LF,TOT,THND_PER,A,2000,2586.8,
SVK,LF,TOT,THND_PER,A,2001,2628.55,
SVK,LF,TOT,THND_PER,A,2002,2610.675,B
SVK,LF,TOT,THND_PER,A,2003,2621.925,
SVK,LF,TOT,THND_PER,A,2004,2650.75,B
SVK,LF,TOT,THND_PER,A,2005,2645.25,
SVK,LF,TOT,THND_PER,A,2006,2657.7,
SVK,LF,TOT,THND_PER,A,2007,2653.375,
SVK,LF,TOT,THND_PER,A,2008,2689.45,
SVK,LF,TOT,THND_PER,A,2009,2689.775,
SVK,LF,TOT,THND_PER,A,2010,2706.7,B
SVK,LF,TOT,THND_PER,A,2011,2680.3,
SVK,LF,TOT,THND_PER,A,2012,2706.95,
SVK,LF,TOT,THND_PER,A,2013,2715.4,
SVK,LF,TOT,THND_PER,A,2014,2721.925,
SVK,LF,TOT,THND_PER,A,2015,2738.4,
SVK,LF,TOT,THND_PER,A,2016,2758.9,
SVK,LF,TOT,THND_PER,A,2017,2754.65,
SVK,LF,TOT,THND_PER,A,2018,2746.25,
AUT,LF,TOT,THND_PER,A,1980,3128,
AUT,LF,TOT,THND_PER,A,1981,3170,
AUT,LF,TOT,THND_PER,A,1982,3304,
AUT,LF,TOT,THND_PER,A,1983,3294,
AUT,LF,TOT,THND_PER,A,1984,3363,
AUT,LF,TOT,THND_PER,A,1985,3355,
AUT,LF,TOT,THND_PER,A,1986,3385,
AUT,LF,TOT,THND_PER,A,1987,3427,
AUT,LF,TOT,THND_PER,A,1988,3430,
AUT,LF,TOT,THND_PER,A,1989,3450,
AUT,LF,TOT,THND_PER,A,1990,3526,
AUT,LF,TOT,THND_PER,A,1991,3596,
AUT,LF,TOT,THND_PER,A,1992,3675,
AUT,LF,TOT,THND_PER,A,1993,3724,
AUT,LF,TOT,THND_PER,A,1994,3880,B
AUT,LF,TOT,THND_PER,A,1995,3903,
AUT,LF,TOT,THND_PER,A,1996,3870,
AUT,LF,TOT,THND_PER,A,1997,3884,
AUT,LF,TOT,THND_PER,A,1998,3888,
AUT,LF,TOT,THND_PER,A,1999,3909,
AUT,LF,TOT,THND_PER,A,2000,3918,
AUT,LF,TOT,THND_PER,A,2001,3881,
AUT,LF,TOT,THND_PER,A,2002,3948,
AUT,LF,TOT,THND_PER,A,2003,3997,
AUT,LF,TOT,THND_PER,A,2004,3939,
AUT,LF,TOT,THND_PER,A,2005,3970.875,
AUT,LF,TOT,THND_PER,A,2006,4037.65,B
AUT,LF,TOT,THND_PER,A,2007,4123.925,
AUT,LF,TOT,THND_PER,A,2008,4166.05,
AUT,LF,TOT,THND_PER,A,2009,4205.125,
AUT,LF,TOT,THND_PER,A,2010,4220.075,
AUT,LF,TOT,THND_PER,A,2011,4246.225,
AUT,LF,TOT,THND_PER,A,2012,4293.375,
AUT,LF,TOT,THND_PER,A,2013,4336.05,
AUT,LF,TOT,THND_PER,A,2014,4357.575,
AUT,LF,TOT,THND_PER,A,2015,4400.1,
AUT,LF,TOT,THND_PER,A,2016,4490.25,
AUT,LF,TOT,THND_PER,A,2017,4508.325,
AUT,LF,TOT,THND_PER,A,2018,4539.075,
NZL,LF,TOT,THND_PER,A,1980,1293,
NZL,LF,TOT,THND_PER,A,1981,1305,
NZL,LF,TOT,THND_PER,A,1982,1329,
NZL,LF,TOT,THND_PER,A,1983,1342,
NZL,LF,TOT,THND_PER,A,1984,1358,
NZL,LF,TOT,THND_PER,A,1985,1387,B
NZL,LF,TOT,THND_PER,A,1986,1689.125,
NZL,LF,TOT,THND_PER,A,1987,1695.125,
NZL,LF,TOT,THND_PER,A,1988,1667.975,
NZL,LF,TOT,THND_PER,A,1989,1643.625,
NZL,LF,TOT,THND_PER,A,1990,1667.575,
NZL,LF,TOT,THND_PER,A,1991,1688.35,
NZL,LF,TOT,THND_PER,A,1992,1694.775,
NZL,LF,TOT,THND_PER,A,1993,1712.6,
NZL,LF,TOT,THND_PER,A,1994,1758.325,
NZL,LF,TOT,THND_PER,A,1995,1802.725,
NZL,LF,TOT,THND_PER,A,1996,1856.975,
NZL,LF,TOT,THND_PER,A,1997,1878.75,
NZL,LF,TOT,THND_PER,A,1998,1883.975,
NZL,LF,TOT,THND_PER,A,1999,1899.325,
NZL,LF,TOT,THND_PER,A,2000,1916.75,
NZL,LF,TOT,THND_PER,A,2001,1951.025,
NZL,LF,TOT,THND_PER,A,2002,2010.825,
NZL,LF,TOT,THND_PER,A,2003,2050.725,
NZL,LF,TOT,THND_PER,A,2004,2107.35,
NZL,LF,TOT,THND_PER,A,2005,2164.875,
NZL,LF,TOT,THND_PER,A,2006,2216.875,
NZL,LF,TOT,THND_PER,A,2007,2249.35,
NZL,LF,TOT,THND_PER,A,2008,2266.95,
NZL,LF,TOT,THND_PER,A,2009,2279.775,
NZL,LF,TOT,THND_PER,A,2010,2297.875,
NZL,LF,TOT,THND_PER,A,2011,2327.075,
NZL,LF,TOT,THND_PER,A,2012,2332.975,
NZL,LF,TOT,THND_PER,A,2013,2363.1,
NZL,LF,TOT,THND_PER,A,2014,2436.275,
NZL,LF,TOT,THND_PER,A,2015,2490.575,
NZL,LF,TOT,THND_PER,A,2016,2598.175,
NZL,LF,TOT,THND_PER,A,2017,2694.55,
NZL,LF,TOT,THND_PER,A,2018,2753.825,
EST,LF,TOT,THND_PER,A,1989,841,
EST,LF,TOT,THND_PER,A,1990,830.1,
EST,LF,TOT,THND_PER,A,1991,817.4,
EST,LF,TOT,THND_PER,A,1992,789.4,
EST,LF,TOT,THND_PER,A,1993,746.6,
EST,LF,TOT,THND_PER,A,1994,729.1,
EST,LF,TOT,THND_PER,A,1995,699,
EST,LF,TOT,THND_PER,A,1996,685.4,B
EST,LF,TOT,THND_PER,A,1997,680.8,
EST,LF,TOT,THND_PER,A,1998,670.2,
EST,LF,TOT,THND_PER,A,1999,657.7,B
EST,LF,TOT,THND_PER,A,2000,685.525,
EST,LF,TOT,THND_PER,A,2001,677.825,
EST,LF,TOT,THND_PER,A,2002,664.475,
EST,LF,TOT,THND_PER,A,2003,672.5,
EST,LF,TOT,THND_PER,A,2004,669.85,B
EST,LF,TOT,THND_PER,A,2005,669.3,
EST,LF,TOT,THND_PER,A,2006,692.675,
EST,LF,TOT,THND_PER,A,2007,689.25,
EST,LF,TOT,THND_PER,A,2008,693.85,
EST,LF,TOT,THND_PER,A,2009,686.95,
EST,LF,TOT,THND_PER,A,2010,681.9,
EST,LF,TOT,THND_PER,A,2011,688.025,
EST,LF,TOT,THND_PER,A,2012,683.4,
EST,LF,TOT,THND_PER,A,2013,680.025,
EST,LF,TOT,THND_PER,A,2014,674.4,
EST,LF,TOT,THND_PER,A,2015,683.15,
EST,LF,TOT,THND_PER,A,2016,691.4,
EST,LF,TOT,THND_PER,A,2017,698.825,
EST,LF,TOT,THND_PER,A,2018,702.425,
ISL,LF,TOT,THND_PER,A,1980,106.2,
ISL,LF,TOT,THND_PER,A,1981,111.4,
ISL,LF,TOT,THND_PER,A,1982,114.7,
ISL,LF,TOT,THND_PER,A,1983,116.1,
ISL,LF,TOT,THND_PER,A,1984,118.1,
ISL,LF,TOT,THND_PER,A,1985,121.9,
ISL,LF,TOT,THND_PER,A,1986,125.3,
ISL,LF,TOT,THND_PER,A,1987,132.3,
ISL,LF,TOT,THND_PER,A,1988,128.8,
ISL,LF,TOT,THND_PER,A,1989,128,
ISL,LF,TOT,THND_PER,A,1990,128.3,B
ISL,LF,TOT,THND_PER,A,1991,140.5,
ISL,LF,TOT,THND_PER,A,1992,143,
ISL,LF,TOT,THND_PER,A,1993,144.2,
ISL,LF,TOT,THND_PER,A,1994,145.4,
ISL,LF,TOT,THND_PER,A,1995,149,
ISL,LF,TOT,THND_PER,A,1996,147.525,
ISL,LF,TOT,THND_PER,A,1997,147.765,
ISL,LF,TOT,THND_PER,A,1998,152.086,
ISL,LF,TOT,THND_PER,A,1999,156.488,
ISL,LF,TOT,THND_PER,A,2000,160.061,
ISL,LF,TOT,THND_PER,A,2001,162.721,
ISL,LF,TOT,THND_PER,A,2002,161.994,B
ISL,LF,TOT,THND_PER,A,2003,160.35,
ISL,LF,TOT,THND_PER,A,2004,159.675,
ISL,LF,TOT,THND_PER,A,2005,164.025,
ISL,LF,TOT,THND_PER,A,2006,172.725,
ISL,LF,TOT,THND_PER,A,2007,179.575,B
ISL,LF,TOT,THND_PER,A,2008,182.425,
ISL,LF,TOT,THND_PER,A,2009,179.175,
ISL,LF,TOT,THND_PER,A,2010,179.325,
ISL,LF,TOT,THND_PER,A,2011,178.55,
ISL,LF,TOT,THND_PER,A,2012,178.625,
ISL,LF,TOT,THND_PER,A,2013,183.1,
ISL,LF,TOT,THND_PER,A,2014,186.75,
ISL,LF,TOT,THND_PER,A,2015,191.25,
ISL,LF,TOT,THND_PER,A,2016,196.3,
ISL,LF,TOT,THND_PER,A,2017,199.325,
ISL,LF,TOT,THND_PER,A,2018,203.875,
HUN,LF,TOT,THND_PER,A,1992,4470,
HUN,LF,TOT,THND_PER,A,1993,4289,B
HUN,LF,TOT,THND_PER,A,1994,4095,
HUN,LF,TOT,THND_PER,A,1995,3992,
HUN,LF,TOT,THND_PER,A,1996,3957,
HUN,LF,TOT,THND_PER,A,1997,3916,
HUN,LF,TOT,THND_PER,A,1998,3949,B
HUN,LF,TOT,THND_PER,A,1999,4076.625,
HUN,LF,TOT,THND_PER,A,2000,4091.575,B
HUN,LF,TOT,THND_PER,A,2001,4103.275,
HUN,LF,TOT,THND_PER,A,2002,4110.3,
HUN,LF,TOT,THND_PER,A,2003,4166.375,
HUN,LF,TOT,THND_PER,A,2004,4152.85,B
HUN,LF,TOT,THND_PER,A,2005,4203.675,
HUN,LF,TOT,THND_PER,A,2006,4246.6,
HUN,LF,TOT,THND_PER,A,2007,4214.075,
HUN,LF,TOT,THND_PER,A,2008,4174.625,
HUN,LF,TOT,THND_PER,A,2009,4165.6,
HUN,LF,TOT,THND_PER,A,2010,4201.8,
HUN,LF,TOT,THND_PER,A,2011,4224.975,
HUN,LF,TOT,THND_PER,A,2012,4300.375,
HUN,LF,TOT,THND_PER,A,2013,4333.8,
HUN,LF,TOT,THND_PER,A,2014,4444.2,
HUN,LF,TOT,THND_PER,A,2015,4518.375,
HUN,LF,TOT,THND_PER,A,2016,4586.225,
HUN,LF,TOT,THND_PER,A,2017,4613.1,
HUN,LF,TOT,THND_PER,A,2018,4641.6,
EU28,LF,TOT,THND_PER,A,1998,170598,
EU28,LF,TOT,THND_PER,A,1999,172012,
EU28,LF,TOT,THND_PER,A,2000,222556.2,
EU28,LF,TOT,THND_PER,A,2001,223442,
EU28,LF,TOT,THND_PER,A,2002,224413.9,
EU28,LF,TOT,THND_PER,A,2003,225910.2,
EU28,LF,TOT,THND_PER,A,2004,227483.6,B
EU28,LF,TOT,THND_PER,A,2005,231022.5,
EU28,LF,TOT,THND_PER,A,2006,233775.4,B
EU28,LF,TOT,THND_PER,A,2007,237138.8,
EU28,LF,TOT,THND_PER,A,2008,239480.4,
EU28,LF,TOT,THND_PER,A,2009,240196.7,
EU28,LF,TOT,THND_PER,A,2010,238893.1,
EU28,LF,TOT,THND_PER,A,2011,239240.8,
EU28,LF,TOT,THND_PER,A,2012,240979,
EU28,LF,TOT,THND_PER,A,2013,241630.3,
EU28,LF,TOT,THND_PER,A,2014,243230.4,
EU28,LF,TOT,THND_PER,A,2015,243839.3,
EU28,LF,TOT,THND_PER,A,2016,245243,
EU28,LF,TOT,THND_PER,A,2017,246433.5,
EU28,LF,TOT,THND_PER,A,2018,247325.1,
CZE,LF,TOT,THND_PER,A,1990,5034,
CZE,LF,TOT,THND_PER,A,1991,5039,
CZE,LF,TOT,THND_PER,A,1992,4812,B
CZE,LF,TOT,THND_PER,A,1993,5022.574,
CZE,LF,TOT,THND_PER,A,1994,5084.186,
CZE,LF,TOT,THND_PER,A,1995,5116.057,
CZE,LF,TOT,THND_PER,A,1996,5116.001,
CZE,LF,TOT,THND_PER,A,1997,5132.689,
CZE,LF,TOT,THND_PER,A,1998,5153.424,B
CZE,LF,TOT,THND_PER,A,1999,5166.625,
CZE,LF,TOT,THND_PER,A,2000,5134.4,
CZE,LF,TOT,THND_PER,A,2001,5100.575,
CZE,LF,TOT,THND_PER,A,2002,5104.45,
CZE,LF,TOT,THND_PER,A,2003,5099.525,
CZE,LF,TOT,THND_PER,A,2004,5116.275,B
CZE,LF,TOT,THND_PER,A,2005,5174.2,
CZE,LF,TOT,THND_PER,A,2006,5199.725,
CZE,LF,TOT,THND_PER,A,2007,5198.575,
CZE,LF,TOT,THND_PER,A,2008,5232.3,
CZE,LF,TOT,THND_PER,A,2009,5286.45,
CZE,LF,TOT,THND_PER,A,2010,5268.75,B
CZE,LF,TOT,THND_PER,A,2011,5223.225,
CZE,LF,TOT,THND_PER,A,2012,5256.8,
CZE,LF,TOT,THND_PER,A,2013,5306,
CZE,LF,TOT,THND_PER,A,2014,5297.875,
CZE,LF,TOT,THND_PER,A,2015,5309.85,
CZE,LF,TOT,THND_PER,A,2016,5349.975,
CZE,LF,TOT,THND_PER,A,2017,5376.975,
CZE,LF,TOT,THND_PER,A,2018,5415.3,
AUS,LF,TOT,THND_PER,A,1980,6689.144,
AUS,LF,TOT,THND_PER,A,1981,6802.863,
AUS,LF,TOT,THND_PER,A,1982,6908.289,
AUS,LF,TOT,THND_PER,A,1983,6992.589,
AUS,LF,TOT,THND_PER,A,1984,7127.926,
AUS,LF,TOT,THND_PER,A,1985,7295.941,
AUS,LF,TOT,THND_PER,A,1986,7579.275,
AUS,LF,TOT,THND_PER,A,1987,7749.153,
AUS,LF,TOT,THND_PER,A,1988,7964.504,
AUS,LF,TOT,THND_PER,A,1989,8224.304,
AUS,LF,TOT,THND_PER,A,1990,8442.992,
AUS,LF,TOT,THND_PER,A,1991,8480.967,
AUS,LF,TOT,THND_PER,A,1992,8549.755,
AUS,LF,TOT,THND_PER,A,1993,8589.471,
AUS,LF,TOT,THND_PER,A,1994,8746.683,
AUS,LF,TOT,THND_PER,A,1995,8943.938,
AUS,LF,TOT,THND_PER,A,1996,9070.864,
AUS,LF,TOT,THND_PER,A,1997,9126.063,
AUS,LF,TOT,THND_PER,A,1998,9224.529,
AUS,LF,TOT,THND_PER,A,1999,9309.734,
AUS,LF,TOT,THND_PER,A,2000,9495.266,
AUS,LF,TOT,THND_PER,A,2001,9670.117,
AUS,LF,TOT,THND_PER,A,2002,9809.844,
AUS,LF,TOT,THND_PER,A,2003,9984.015,
AUS,LF,TOT,THND_PER,A,2004,10100.48,
AUS,LF,TOT,THND_PER,A,2005,10399.88,
AUS,LF,TOT,THND_PER,A,2006,10629.69,
AUS,LF,TOT,THND_PER,A,2007,10910.16,
AUS,LF,TOT,THND_PER,A,2008,11202.86,
AUS,LF,TOT,THND_PER,A,2009,11440.57,
AUS,LF,TOT,THND_PER,A,2010,11626.28,
AUS,LF,TOT,THND_PER,A,2011,11813.17,
AUS,LF,TOT,THND_PER,A,2012,11975.86,
AUS,LF,TOT,THND_PER,A,2013,12145.51,
AUS,LF,TOT,THND_PER,A,2014,12275.24,
AUS,LF,TOT,THND_PER,A,2015,12517.18,
AUS,LF,TOT,THND_PER,A,2016,12690.92,
AUS,LF,TOT,THND_PER,A,2017,12970.89,
AUS,LF,TOT,THND_PER,A,2018,13281.98,
KOR,LF,TOT,THND_PER,A,1989,18023.08,
KOR,LF,TOT,THND_PER,A,1990,18538.92,B
KOR,LF,TOT,THND_PER,A,1991,19109.42,
KOR,LF,TOT,THND_PER,A,1992,19499.33,
KOR,LF,TOT,THND_PER,A,1993,19805.58,
KOR,LF,TOT,THND_PER,A,1994,20352.58,
KOR,LF,TOT,THND_PER,A,1995,20844.67,
KOR,LF,TOT,THND_PER,A,1996,21288.08,
KOR,LF,TOT,THND_PER,A,1997,21781.58,
KOR,LF,TOT,THND_PER,A,1998,21427.92,
KOR,LF,TOT,THND_PER,A,1999,21717,B
KOR,LF,TOT,THND_PER,A,2000,22151,
KOR,LF,TOT,THND_PER,A,2001,22511.28,
KOR,LF,TOT,THND_PER,A,2002,22982.32,
KOR,LF,TOT,THND_PER,A,2003,23042.84,
KOR,LF,TOT,THND_PER,A,2004,23543.53,
KOR,LF,TOT,THND_PER,A,2005,23718.32,
KOR,LF,TOT,THND_PER,A,2006,24023.77,
KOR,LF,TOT,THND_PER,A,2007,24351.38,
KOR,LF,TOT,THND_PER,A,2008,24550.63,
KOR,LF,TOT,THND_PER,A,2009,24581.86,
KOR,LF,TOT,THND_PER,A,2010,24956.43,
KOR,LF,TOT,THND_PER,A,2011,25389,
KOR,LF,TOT,THND_PER,A,2012,25780.84,
KOR,LF,TOT,THND_PER,A,2013,26107.58,
KOR,LF,TOT,THND_PER,A,2014,26835.7,
KOR,LF,TOT,THND_PER,A,2015,27153.43,
KOR,LF,TOT,THND_PER,A,2016,27418.33,
KOR,LF,TOT,THND_PER,A,2017,27747.71,
KOR,LF,TOT,THND_PER,A,2018,27895.33,
GRC,LF,TOT,THND_PER,A,1980,3451,
GRC,LF,TOT,THND_PER,A,1981,3664.531,
GRC,LF,TOT,THND_PER,A,1982,3696.8,
GRC,LF,TOT,THND_PER,A,1983,3789.9,
GRC,LF,TOT,THND_PER,A,1984,3798.533,
GRC,LF,TOT,THND_PER,A,1985,3880.397,
GRC,LF,TOT,THND_PER,A,1986,3876.913,
GRC,LF,TOT,THND_PER,A,1987,3874.111,
GRC,LF,TOT,THND_PER,A,1988,3953.328,
GRC,LF,TOT,THND_PER,A,1989,3957.534,
GRC,LF,TOT,THND_PER,A,1990,3993.381,
GRC,LF,TOT,THND_PER,A,1991,3927.576,
GRC,LF,TOT,THND_PER,A,1992,4028.917,
GRC,LF,TOT,THND_PER,A,1993,4084.681,
GRC,LF,TOT,THND_PER,A,1994,4173.611,
GRC,LF,TOT,THND_PER,A,1995,4215.959,
GRC,LF,TOT,THND_PER,A,1996,4294.297,
GRC,LF,TOT,THND_PER,A,1997,4278.516,
GRC,LF,TOT,THND_PER,A,1998,4525.75,
GRC,LF,TOT,THND_PER,A,1999,4586.15,
GRC,LF,TOT,THND_PER,A,2000,4611.95,B
GRC,LF,TOT,THND_PER,A,2001,4710.525,
GRC,LF,TOT,THND_PER,A,2002,4757.475,
GRC,LF,TOT,THND_PER,A,2003,4825.8,B
GRC,LF,TOT,THND_PER,A,2004,4909.45,B
GRC,LF,TOT,THND_PER,A,2005,4936.9,
GRC,LF,TOT,THND_PER,A,2006,4975.725,
GRC,LF,TOT,THND_PER,A,2007,4982.4,
GRC,LF,TOT,THND_PER,A,2008,4998.3,B
GRC,LF,TOT,THND_PER,A,2009,5040.725,
GRC,LF,TOT,THND_PER,A,2010,5029.1,
GRC,LF,TOT,THND_PER,A,2011,4936.15,
GRC,LF,TOT,THND_PER,A,2012,4890.1,
GRC,LF,TOT,THND_PER,A,2013,4843.55,
GRC,LF,TOT,THND_PER,A,2014,4810.65,
GRC,LF,TOT,THND_PER,A,2015,4807.65,
GRC,LF,TOT,THND_PER,A,2016,4804.5,
GRC,LF,TOT,THND_PER,A,2017,4779.75,
GRC,LF,TOT,THND_PER,A,2018,4743.025,
ESP,LF,TOT,THND_PER,A,1980,13313.8,
ESP,LF,TOT,THND_PER,A,1981,13359.3,
ESP,LF,TOT,THND_PER,A,1982,13520.1,
ESP,LF,TOT,THND_PER,A,1983,13716.7,
ESP,LF,TOT,THND_PER,A,1984,13817.1,
ESP,LF,TOT,THND_PER,A,1985,13907.3,
ESP,LF,TOT,THND_PER,A,1986,14077.2,
ESP,LF,TOT,THND_PER,A,1987,14636.6,
ESP,LF,TOT,THND_PER,A,1988,15029.2,
ESP,LF,TOT,THND_PER,A,1989,15188.7,
ESP,LF,TOT,THND_PER,A,1990,15378.8,
ESP,LF,TOT,THND_PER,A,1991,15515,
ESP,LF,TOT,THND_PER,A,1992,15613.3,
ESP,LF,TOT,THND_PER,A,1993,15794.4,
ESP,LF,TOT,THND_PER,A,1994,16048.7,
ESP,LF,TOT,THND_PER,A,1995,16175.7,
ESP,LF,TOT,THND_PER,A,1996,16456.6,
ESP,LF,TOT,THND_PER,A,1997,16749.13,
ESP,LF,TOT,THND_PER,A,1998,17013.56,B
ESP,LF,TOT,THND_PER,A,1999,17425.75,
ESP,LF,TOT,THND_PER,A,2000,18012.2,B
ESP,LF,TOT,THND_PER,A,2001,18050.32,
ESP,LF,TOT,THND_PER,A,2002,18961.07,
ESP,LF,TOT,THND_PER,A,2003,19742.72,
ESP,LF,TOT,THND_PER,A,2004,20375.78,B
ESP,LF,TOT,THND_PER,A,2005,21140.55,
ESP,LF,TOT,THND_PER,A,2006,21779.97,
ESP,LF,TOT,THND_PER,A,2007,22426.1,
ESP,LF,TOT,THND_PER,A,2008,23065.55,
ESP,LF,TOT,THND_PER,A,2009,23260.4,
ESP,LF,TOT,THND_PER,A,2010,23364.6,
ESP,LF,TOT,THND_PER,A,2011,23434.07,
ESP,LF,TOT,THND_PER,A,2012,23443.7,
ESP,LF,TOT,THND_PER,A,2013,23190.15,
ESP,LF,TOT,THND_PER,A,2014,22954.57,
ESP,LF,TOT,THND_PER,A,2015,22922.03,
ESP,LF,TOT,THND_PER,A,2016,22822.72,
ESP,LF,TOT,THND_PER,A,2017,22741.7,
ESP,LF,TOT,THND_PER,A,2018,22806.82,
NLD,LF,TOT,THND_PER,A,1980,5296,
NLD,LF,TOT,THND_PER,A,1981,5552,
NLD,LF,TOT,THND_PER,A,1982,5665,B
NLD,LF,TOT,THND_PER,A,1983,5618.3,
NLD,LF,TOT,THND_PER,A,1984,5669,
NLD,LF,TOT,THND_PER,A,1985,5725.1,
NLD,LF,TOT,THND_PER,A,1986,5760,B
NLD,LF,TOT,THND_PER,A,1987,6499.9,
NLD,LF,TOT,THND_PER,A,1988,6523.6,
NLD,LF,TOT,THND_PER,A,1989,6609.3,
NLD,LF,TOT,THND_PER,A,1990,6800.9,
NLD,LF,TOT,THND_PER,A,1991,6927.7,B
NLD,LF,TOT,THND_PER,A,1992,7002.9,
NLD,LF,TOT,THND_PER,A,1993,7085.2,
NLD,LF,TOT,THND_PER,A,1994,7223.6,
NLD,LF,TOT,THND_PER,A,1995,7304.4,
NLD,LF,TOT,THND_PER,A,1996,7407.4,
NLD,LF,TOT,THND_PER,A,1997,7605.1,
NLD,LF,TOT,THND_PER,A,1998,7742.2,
NLD,LF,TOT,THND_PER,A,1999,7890.5,B
NLD,LF,TOT,THND_PER,A,2000,8109.1,
NLD,LF,TOT,THND_PER,A,2001,8254.475,
NLD,LF,TOT,THND_PER,A,2002,8399.475,
NLD,LF,TOT,THND_PER,A,2003,8431.9,
NLD,LF,TOT,THND_PER,A,2004,8492.875,B
NLD,LF,TOT,THND_PER,A,2005,8319.975,
NLD,LF,TOT,THND_PER,A,2006,8375.475,
NLD,LF,TOT,THND_PER,A,2007,8541.375,
NLD,LF,TOT,THND_PER,A,2008,8695.65,
NLD,LF,TOT,THND_PER,A,2009,8764.4,
NLD,LF,TOT,THND_PER,A,2010,8724.95,
NLD,LF,TOT,THND_PER,A,2011,8725.675,
NLD,LF,TOT,THND_PER,A,2012,8860.9,
NLD,LF,TOT,THND_PER,A,2013,8932.15,
NLD,LF,TOT,THND_PER,A,2014,8895.75,
NLD,LF,TOT,THND_PER,A,2015,8932.525,
NLD,LF,TOT,THND_PER,A,2016,8965.55,
NLD,LF,TOT,THND_PER,A,2017,9042.35,
NLD,LF,TOT,THND_PER,A,2018,9148.425,
GBR,LF,TOT,THND_PER,A,1980,26517,
GBR,LF,TOT,THND_PER,A,1981,26406,
GBR,LF,TOT,THND_PER,A,1982,26354,
GBR,LF,TOT,THND_PER,A,1983,26288,
GBR,LF,TOT,THND_PER,A,1984,27071,
GBR,LF,TOT,THND_PER,A,1985,27346,
GBR,LF,TOT,THND_PER,A,1986,27326,
GBR,LF,TOT,THND_PER,A,1987,27766,
GBR,LF,TOT,THND_PER,A,1988,28193,
GBR,LF,TOT,THND_PER,A,1989,28624,
GBR,LF,TOT,THND_PER,A,1990,28792,
GBR,LF,TOT,THND_PER,A,1991,28449,B
GBR,LF,TOT,THND_PER,A,1992,28167,
GBR,LF,TOT,THND_PER,A,1993,27977,
GBR,LF,TOT,THND_PER,A,1994,27938,
GBR,LF,TOT,THND_PER,A,1995,27895,
GBR,LF,TOT,THND_PER,A,1996,28008,
GBR,LF,TOT,THND_PER,A,1997,28139,
GBR,LF,TOT,THND_PER,A,1998,28119,
GBR,LF,TOT,THND_PER,A,1999,28388,B
GBR,LF,TOT,THND_PER,A,2000,28981.32,
GBR,LF,TOT,THND_PER,A,2001,29084.25,
GBR,LF,TOT,THND_PER,A,2002,29333.5,
GBR,LF,TOT,THND_PER,A,2003,29576.4,B
GBR,LF,TOT,THND_PER,A,2004,29812.15,B
GBR,LF,TOT,THND_PER,A,2005,30171.95,
GBR,LF,TOT,THND_PER,A,2006,30682.1,B
GBR,LF,TOT,THND_PER,A,2007,30885.88,B
GBR,LF,TOT,THND_PER,A,2008,31276.32,
GBR,LF,TOT,THND_PER,A,2009,31427.45,
GBR,LF,TOT,THND_PER,A,2010,31584.32,
GBR,LF,TOT,THND_PER,A,2011,31841.28,
GBR,LF,TOT,THND_PER,A,2012,32129.4,
GBR,LF,TOT,THND_PER,A,2013,32391.63,
GBR,LF,TOT,THND_PER,A,2014,32667.4,
GBR,LF,TOT,THND_PER,A,2015,32939.4,
GBR,LF,TOT,THND_PER,A,2016,33227.02,
GBR,LF,TOT,THND_PER,A,2017,33411.82,
GBR,LF,TOT,THND_PER,A,2018,33699.57,
CAN,LF,TOT,THND_PER,A,1980,11879.37,
CAN,LF,TOT,THND_PER,A,1981,12235.82,
CAN,LF,TOT,THND_PER,A,1982,12301.83,
CAN,LF,TOT,THND_PER,A,1983,12527.62,
CAN,LF,TOT,THND_PER,A,1984,12747.88,
CAN,LF,TOT,THND_PER,A,1985,13012.37,
CAN,LF,TOT,THND_PER,A,1986,13272.1,
CAN,LF,TOT,THND_PER,A,1987,13526.01,
CAN,LF,TOT,THND_PER,A,1988,13779.11,
CAN,LF,TOT,THND_PER,A,1989,14056.97,
CAN,LF,TOT,THND_PER,A,1990,14244.64,
CAN,LF,TOT,THND_PER,A,1991,14336.3,
CAN,LF,TOT,THND_PER,A,1992,14336.15,
CAN,LF,TOT,THND_PER,A,1993,14435,
CAN,LF,TOT,THND_PER,A,1994,14573.72,
CAN,LF,TOT,THND_PER,A,1995,14689.21,
CAN,LF,TOT,THND_PER,A,1996,14848.51,
CAN,LF,TOT,THND_PER,A,1997,15080.57,
CAN,LF,TOT,THND_PER,A,1998,15314.84,
CAN,LF,TOT,THND_PER,A,1999,15583.7,
CAN,LF,TOT,THND_PER,A,2000,15841.93,
CAN,LF,TOT,THND_PER,A,2001,16094.07,
CAN,LF,TOT,THND_PER,A,2002,16560.68,
CAN,LF,TOT,THND_PER,A,2003,16944.14,
CAN,LF,TOT,THND_PER,A,2004,17147.1,
CAN,LF,TOT,THND_PER,A,2005,17292.13,
CAN,LF,TOT,THND_PER,A,2006,17502.2,
CAN,LF,TOT,THND_PER,A,2007,17846.53,
CAN,LF,TOT,THND_PER,A,2008,18122.4,
CAN,LF,TOT,THND_PER,A,2009,18250.43,
CAN,LF,TOT,THND_PER,A,2010,18450.53,
CAN,LF,TOT,THND_PER,A,2011,18619.57,
CAN,LF,TOT,THND_PER,A,2012,18809.53,
CAN,LF,TOT,THND_PER,A,2013,19037.78,
CAN,LF,TOT,THND_PER,A,2014,19124.46,
CAN,LF,TOT,THND_PER,A,2015,19278.04,
CAN,LF,TOT,THND_PER,A,2016,19440.52,
CAN,LF,TOT,THND_PER,A,2017,19662.94,
CAN,LF,TOT,THND_PER,A,2018,19812.81,
PRT,LF,TOT,THND_PER,A,1980,4274,
PRT,LF,TOT,THND_PER,A,1981,4238,
PRT,LF,TOT,THND_PER,A,1982,4245,B
PRT,LF,TOT,THND_PER,A,1983,4482,
PRT,LF,TOT,THND_PER,A,1984,4457,
PRT,LF,TOT,THND_PER,A,1985,4441,
PRT,LF,TOT,THND_PER,A,1986,4446,
PRT,LF,TOT,THND_PER,A,1987,4490,
PRT,LF,TOT,THND_PER,A,1988,4543,
PRT,LF,TOT,THND_PER,A,1989,4610,
PRT,LF,TOT,THND_PER,A,1990,4884,
PRT,LF,TOT,THND_PER,A,1991,4774,B
PRT,LF,TOT,THND_PER,A,1992,4689.6,
PRT,LF,TOT,THND_PER,A,1993,4674.5,
PRT,LF,TOT,THND_PER,A,1994,4731.6,
PRT,LF,TOT,THND_PER,A,1995,4719.2,
PRT,LF,TOT,THND_PER,A,1996,4752.6,
PRT,LF,TOT,THND_PER,A,1997,4814.7,B
PRT,LF,TOT,THND_PER,A,1998,5107.225,
PRT,LF,TOT,THND_PER,A,1999,5158.325,
PRT,LF,TOT,THND_PER,A,2000,5252.725,
PRT,LF,TOT,THND_PER,A,2001,5342.35,
PRT,LF,TOT,THND_PER,A,2002,5414.275,
PRT,LF,TOT,THND_PER,A,2003,5433.825,
PRT,LF,TOT,THND_PER,A,2004,5421.375,B
PRT,LF,TOT,THND_PER,A,2005,5461.4,
PRT,LF,TOT,THND_PER,A,2006,5499.625,
PRT,LF,TOT,THND_PER,A,2007,5533.15,
PRT,LF,TOT,THND_PER,A,2008,5534.575,
PRT,LF,TOT,THND_PER,A,2009,5486.075,
PRT,LF,TOT,THND_PER,A,2010,5489.675,B
PRT,LF,TOT,THND_PER,A,2011,5428.25,
PRT,LF,TOT,THND_PER,A,2012,5382.6,
PRT,LF,TOT,THND_PER,A,2013,5284.6,
PRT,LF,TOT,THND_PER,A,2014,5225.575,
PRT,LF,TOT,THND_PER,A,2015,5195.175,
PRT,LF,TOT,THND_PER,A,2016,5178.275,
PRT,LF,TOT,THND_PER,A,2017,5219.425,
PRT,LF,TOT,THND_PER,A,2018,5232.6,
JPN,LF,TOT,THND_PER,A,1980,56499.17,
JPN,LF,TOT,THND_PER,A,1981,57074.17,
JPN,LF,TOT,THND_PER,A,1982,57741.67,
JPN,LF,TOT,THND_PER,A,1983,58885.83,
JPN,LF,TOT,THND_PER,A,1984,59270.83,
JPN,LF,TOT,THND_PER,A,1985,59634.17,
JPN,LF,TOT,THND_PER,A,1986,60201.67,
JPN,LF,TOT,THND_PER,A,1987,60835.83,
JPN,LF,TOT,THND_PER,A,1988,61660,
JPN,LF,TOT,THND_PER,A,1989,62697.5,
JPN,LF,TOT,THND_PER,A,1990,63835.83,
JPN,LF,TOT,THND_PER,A,1991,65053.33,
JPN,LF,TOT,THND_PER,A,1992,65784.16,
JPN,LF,TOT,THND_PER,A,1993,66153.34,
JPN,LF,TOT,THND_PER,A,1994,66449.16,
JPN,LF,TOT,THND_PER,A,1995,66664.16,
JPN,LF,TOT,THND_PER,A,1996,67107.5,
JPN,LF,TOT,THND_PER,A,1997,67869.16,
JPN,LF,TOT,THND_PER,A,1998,67929.16,
JPN,LF,TOT,THND_PER,A,1999,67794.16,
JPN,LF,TOT,THND_PER,A,2000,67662.5,
JPN,LF,TOT,THND_PER,A,2001,67518.34,
JPN,LF,TOT,THND_PER,A,2002,66890,
JPN,LF,TOT,THND_PER,A,2003,66663.34,
JPN,LF,TOT,THND_PER,A,2004,66420.84,
JPN,LF,TOT,THND_PER,A,2005,66505.84,
JPN,LF,TOT,THND_PER,A,2006,66638.34,
JPN,LF,TOT,THND_PER,A,2007,66843.34,
JPN,LF,TOT,THND_PER,A,2008,66740,
JPN,LF,TOT,THND_PER,A,2009,66500,
JPN,LF,TOT,THND_PER,A,2010,66317.5,
JPN,LF,TOT,THND_PER,A,2011,65955,B
JPN,LF,TOT,THND_PER,A,2012,65651.66,
JPN,LF,TOT,THND_PER,A,2013,65927.5,
JPN,LF,TOT,THND_PER,A,2014,66087.5,
JPN,LF,TOT,THND_PER,A,2015,66247.5,
JPN,LF,TOT,THND_PER,A,2016,66730.84,
JPN,LF,TOT,THND_PER,A,2017,67201.66,
JPN,LF,TOT,THND_PER,A,2018,68301.66,
EA19,LF,TOT,THND_PER,A,1998,135580.1,
EA19,LF,TOT,THND_PER,A,1999,137125.3,B
EA19,LF,TOT,THND_PER,A,2000,138315.8,
EA19,LF,TOT,THND_PER,A,2001,138992.2,
EA19,LF,TOT,THND_PER,A,2002,140806.5,B
EA19,LF,TOT,THND_PER,A,2003,146789,
EA19,LF,TOT,THND_PER,A,2004,148035,B
EA19,LF,TOT,THND_PER,A,2005,153342.6,
EA19,LF,TOT,THND_PER,A,2006,155141.5,
EA19,LF,TOT,THND_PER,A,2007,156816.3,
EA19,LF,TOT,THND_PER,A,2008,158493.3,
EA19,LF,TOT,THND_PER,A,2009,158830.4,
EA19,LF,TOT,THND_PER,A,2010,158136.1,
EA19,LF,TOT,THND_PER,A,2011,158377.5,
EA19,LF,TOT,THND_PER,A,2012,159544.8,
EA19,LF,TOT,THND_PER,A,2013,159816.8,
EA19,LF,TOT,THND_PER,A,2014,160801.4,
EA19,LF,TOT,THND_PER,A,2015,161138.1,
EA19,LF,TOT,THND_PER,A,2016,162441.5,
EA19,LF,TOT,THND_PER,A,2017,163086.7,
EA19,LF,TOT,THND_PER,A,2018,163745.4,
IDN,LF,TOT,THND_PER,A,1982,59598.63,
IDN,LF,TOT,THND_PER,A,1984,73331.58,
IDN,LF,TOT,THND_PER,A,1985,63825.61,
IDN,LF,TOT,THND_PER,A,1986,67472.92,
IDN,LF,TOT,THND_PER,A,1987,69697.86,
IDN,LF,TOT,THND_PER,A,1988,71869.56,
IDN,LF,TOT,THND_PER,A,1989,72783.51,
IDN,LF,TOT,THND_PER,A,1990,77801.69,
IDN,LF,TOT,THND_PER,A,1991,78413.67,
IDN,LF,TOT,THND_PER,A,1992,80662.27,
IDN,LF,TOT,THND_PER,A,1993,81401.98,
IDN,LF,TOT,THND_PER,A,1994,85694.41,
IDN,LF,TOT,THND_PER,A,1996,89988.63,
IDN,LF,TOT,THND_PER,A,1997,91247.3,
IDN,LF,TOT,THND_PER,A,1998,92734.48,
IDN,LF,TOT,THND_PER,A,1999,94847.32,
IDN,LF,TOT,THND_PER,A,2000,95650.93,
IDN,LF,TOT,THND_PER,A,2001,98812.43,
IDN,LF,TOT,THND_PER,A,2002,100779.3,
IDN,LF,TOT,THND_PER,A,2003,100724.2,
IDN,LF,TOT,THND_PER,A,2004,103973.4,B
IDN,LF,TOT,THND_PER,A,2005,106352.3,
IDN,LF,TOT,THND_PER,A,2006,106335,
IDN,LF,TOT,THND_PER,A,2007,109037,
IDN,LF,TOT,THND_PER,A,2008,111712,
IDN,LF,TOT,THND_PER,A,2009,113787,
IDN,LF,TOT,THND_PER,A,2010,116265,
IDN,LF,TOT,THND_PER,A,2011,118385,
RUS,LF,TOT,THND_PER,A,1992,75060,
RUS,LF,TOT,THND_PER,A,1993,72850,
RUS,LF,TOT,THND_PER,A,1994,70599,
RUS,LF,TOT,THND_PER,A,1995,70740,
RUS,LF,TOT,THND_PER,A,1996,69740,
RUS,LF,TOT,THND_PER,A,1997,68273,
RUS,LF,TOT,THND_PER,A,1998,67402,
RUS,LF,TOT,THND_PER,A,1999,72380.5,
RUS,LF,TOT,THND_PER,A,2000,72770,
RUS,LF,TOT,THND_PER,A,2001,71546.75,
RUS,LF,TOT,THND_PER,A,2002,72357.25,
RUS,LF,TOT,THND_PER,A,2003,72391.75,
RUS,LF,TOT,THND_PER,A,2004,72949.5,
RUS,LF,TOT,THND_PER,A,2005,73431.7,
RUS,LF,TOT,THND_PER,A,2006,74166.9,
RUS,LF,TOT,THND_PER,A,2007,75158.97,
RUS,LF,TOT,THND_PER,A,2008,75756.56,
RUS,LF,TOT,THND_PER,A,2009,75657.75,
RUS,LF,TOT,THND_PER,A,2010,75439.75,
RUS,LF,TOT,THND_PER,A,2011,75779.02,
RUS,LF,TOT,THND_PER,A,2012,75676.08,
RUS,LF,TOT,THND_PER,A,2013,75528.91,
RUS,LF,TOT,THND_PER,A,2014,75428.41,
RUS,LF,TOT,THND_PER,A,2015,76587.55,
RUS,LF,TOT,THND_PER,A,2016,76636.12,
RUS,LF,TOT,THND_PER,A,2017,76108.52,
RUS,LF,TOT,THND_PER,A,2018,76190.11,
COL,LF,TOT,THND_PER,A,2007,19064.65,
COL,LF,TOT,THND_PER,A,2008,19476,
COL,LF,TOT,THND_PER,A,2009,20687.67,
COL,LF,TOT,THND_PER,A,2010,21517.77,
COL,LF,TOT,THND_PER,A,2011,22125.68,
COL,LF,TOT,THND_PER,A,2012,22772.32,
COL,LF,TOT,THND_PER,A,2013,23016.82,
COL,LF,TOT,THND_PER,A,2014,23390.81,
COL,LF,TOT,THND_PER,A,2015,23937.73,
COL,LF,TOT,THND_PER,A,2016,24200.61,
COL,LF,TOT,THND_PER,A,2017,24488.77,
COL,LF,TOT,THND_PER,A,2018,24706.93,
LVA,LF,TOT,THND_PER,A,1998,1152.8,
LVA,LF,TOT,THND_PER,A,1999,1127.2,
LVA,LF,TOT,THND_PER,A,2000,1097.6,
LVA,LF,TOT,THND_PER,A,2001,1083.6,B
LVA,LF,TOT,THND_PER,A,2002,1091.7,
LVA,LF,TOT,THND_PER,A,2003,1088.825,
LVA,LF,TOT,THND_PER,A,2004,1092.125,B
LVA,LF,TOT,THND_PER,A,2005,1080.8,
LVA,LF,TOT,THND_PER,A,2006,1108.9,
LVA,LF,TOT,THND_PER,A,2007,1125.5,
LVA,LF,TOT,THND_PER,A,2008,1143.4,
LVA,LF,TOT,THND_PER,A,2009,1101.4,
LVA,LF,TOT,THND_PER,A,2010,1056.5,
LVA,LF,TOT,THND_PER,A,2011,1028.225,
LVA,LF,TOT,THND_PER,A,2012,1030.725,
LVA,LF,TOT,THND_PER,A,2013,1014.25,
LVA,LF,TOT,THND_PER,A,2014,992.25,
LVA,LF,TOT,THND_PER,A,2015,994.225,
LVA,LF,TOT,THND_PER,A,2016,988.625,
LVA,LF,TOT,THND_PER,A,2017,980.25,
LVA,LF,TOT,THND_PER,A,2018,982.175,
LTU,LF,TOT,THND_PER,A,2005,1564.7,
LTU,LF,TOT,THND_PER,A,2006,1516.575,
LTU,LF,TOT,THND_PER,A,2007,1515.975,
LTU,LF,TOT,THND_PER,A,2008,1515.4,
LTU,LF,TOT,THND_PER,A,2009,1528.075,
LTU,LF,TOT,THND_PER,A,2010,1518.075,
LTU,LF,TOT,THND_PER,A,2011,1481.65,
LTU,LF,TOT,THND_PER,A,2012,1472.55,
LTU,LF,TOT,THND_PER,A,2013,1465.225,
LTU,LF,TOT,THND_PER,A,2014,1477.05,
LTU,LF,TOT,THND_PER,A,2015,1468.875,
LTU,LF,TOT,THND_PER,A,2016,1477.55,
LTU,LF,TOT,THND_PER,A,2017,1457.925,
LTU,LF,TOT,THND_PER,A,2018,1459.375,
